full_text,label;;;;
hari ini masih keingetan terus nonton film jumbo kemarin. setiap adegan bagus nangis padahal adegan bagusnya gak selalu sedih. secondhand bangga pasti dedikasinya luar biasa ya orang-orang di balik layar padahal kenal juga engga sama mereka wkwk aaa keren puol~,sedih;;;;
ratung film jumbo dari aku 8 5/10 baguss gezz walaupun sebagian besar yang nonton bocil tapi menurutku seruuuuu,senang;;;;
exactly gw nangisin si jumbo ini mix feeling bgt akumulasi dari ceritanya yg ngena bgt buat gw perasaan bangga indo bisa bikin animasi sekeren ini dan kedekatan antara tiap aspek di film ini dgn realitas kita sbg manusia indonesia. bener2 best!,sedih;;;;
bener bener nungguin banget ini nonton film jumbo,senang;;;;
karena sodara2 ada yg kerja di industri film dan sinefil lebaran ngobrolin jaff taun lalu oscar sama diskusi film jumbo berakhir dengan janjian nonton jumbo awalnya niat cuma bertiga ujung2nya sekeluarga besar nobar jumbo di bioskop ️,senang;;;;
semoga jumbo adlh langkah awal utk melahirkan jumbo jumbo lainnya... come on man gw nontonnya tadi siang jam 2 an sampe jam segini masih kebawa pulang vibes di film itu... perasaan waktu nonton td msh menggema di dlm kepala... ,senang;;;;
sumpah gua mau nonton jumbo trailernya oke banget untuk film animasi 3d indo,senang;;;;
kak dwii terima kasih!! seru banget nih lebaran nobar film jumbo sekeluargaa salam buat kakak freya dan adek ilss ⭐️,senang;;;;
bangun tidur siang langsung ke bioskop. ojek nya lamaaa banget gak dapet-dapet maklum lebaran pas nyampe langsung beli tiket buat nonton film jumbo. habis filmnya kelar masih dengan mata sembab habis nangis antri beli tiket qodrat 2 eh pulangnya susah dapet ojek lagi ,sedih;;;;
abis nonton jumbo awal pertengahan film ngerasa si don sama si dontol tu org yg sama,senang;;;;
terima kasih kak kevin sudah meramaikan film jumbo di hari pertama tayang ⭐️,senang;;;;
2 dari 5 film lebaran udah ditonton. jumbo dan qodrat 2 memuaskan!! tinggal pabrik gula dan komang. kalo norma masih ragu nontonnya ‍️,senang;;;;
demi allah gue fomo film jumbo:((((,senang;;;;
film jumbo bagusssssss ,senang;;;;
stop the yap gw langsung rating aja film jumbo ini. 9 8/10⭐ sumpah keren banget. doa gw film ini bisa tembus 10 juta penonton (aamiin) ayo rayain film ini guys tepuk tangan yang banyak buat seluruh kru dan yang mengusahakan sempurnanya film ini sampe bisa kita nikmati ,senang;;;;
short review utk jumbo (penilaian personal awam). secara teknis sejak ntn animasi visinema terakhir (nussa rara) perkembangannya di jumbo keliatan drastis bgt dr mulai grafis sampe pengambilan scenenya. secara cerita sangat mudah dicerna (yaiyalah film anak2). buat yg,senang;;;;
yang ga kalah keren adalah gimana jumbo bisa mengeluarkan sisi emosional dengan sangat rapi dan enggak maksa. sama penggunaan elemen komedi yang bisa dibilang brilian pas banget porsinya dan tepat bikin satu studio ketawa. overall bagus dan seru banget! 10/10 buat film jumbo!,senang;;;;
td aku nonton jumbo i came early jd nunggu lah ya di depan pintu studio theaternya kebetulan musik yang kesetel lagu-lagunya sal priadi lalu ada 1 keluarga dateng.. salah satu anaknya keliatan excited bgt gitu dan minta foto di depan poster film jumbo ini lucu bgt dia tu tadi,senang;;;;
dan liat kambing² jadi awan mereka ngakak banget. oh ya sama scene kejar² di akhir film itu pada seru banget pada teriak kecil ayo cepetan ambil ayo cepet lari ayo ayo . tp pak ini gimana nyalainnya itu sebioskop ngakak semua. jumbo seru banget. gengnya don gemes banget!,senang;;;;
gile admin film jumbo gak ada istirahatnya mereply komentar soal film jumbo semangat selalu kak admin! ,senang;;;;
memamg aplikasi tiktok diluar logika lagi orang-orang banyak yg nyuruh nonton film jumbo malah dikira buzzer anjir... gak semua hal itu buzzer kocak emang dasar pikiran lu negatif terus aja dan kalo emang gak mau nonton ya udah diem biarin orang ngasih tau saran filmnya..,marah;;;;
#jumbo gokil banget demi allah gua ready jadi buzzer ni film,senang;;;;
list film wajib nonton bulan ini 1. jumbo 2. komang 3. pabrik gula sikattt otw bioskop pak,senang;;;;
lucu bangettt! salam untuk mamanya yaa makasih udah jadi buzzer gratis film jumbo sampe ke grup pkk ,senang;;;;
alasan kenapa ingin sekali nonton jumbo karena pengen ngajak bocil nonton film bagus di bioskop ,senang;;;;
penonton kita masih sangat amat skeptis sama animasi. kalaupun diboost marketingnya jumbo. tetap aja gak bakalan terlalu signifikan menurutku. penonton kita masih suka film seru seruan dengan label yang lebih general.,senang;;;;
sebelum mulai filmmya gue bnrn takut bakal lebih mewek nonton jumbo daripada dedek2 di depan gue. ternyata emang ini film dewasa jadi target nangisnya adalah gw dan seumuran gw ,sedih;;;;
gua mau jadi buzzer film jumbo dulu,senang;;;;
eh penasaran dah ama film jumbo ituuuu animasinya bagus bgt gue pikir pixar bjir,senang;;;;
bukti kalau film jumbo juga bisa dicerna sama anak-anak jadi yuk kita berbondong-bondong bawa krucils buat jumbokan bioskop sekarang juga! ⭐️,senang;;;;
mungkin ini akan jadi honest review setelah nonton jumbo pas nonton gue gue ngerasa animasi indonesia tuh punya harapan ya. visual kek gini semoga jadi benchmark buat film animasi indo lainnya. dubbing &amp; scoringnya juga mantapp,senang;;;
ih pengen nonton film jumbo,senang;;;;
jumbo tu keren banget deh sumpah film animation indonesia yang dibuat 5 tahun hasilnya gatau sih blm nonton wkkwkw tp banyak yg so dan bahkan tambah layar bukan kurangin layar,senang;;;;
jumbo ni film mahal bro film mahal,senang;;;;
salah satu scene terbaik di film jumbo,senang;;;;
kemaren abis nonton jumbo sama anak-anak worth to watch. anak-anak seneng banget sampai pengen nonton lagi. please ph mulai serius garap film animasi anak berkualitas keluarga muda dgn anak usia tk-sd butuh lebih banyak family time.,senang;;;;
gue sebenarnya penggemar berat spiderman..... tapi berhubung gue udah boikot marvel jadi gue mending nonton film jumbo. ,senang;;;;
aku bisa ngmg gini karena nontonnya sama anakku sih. intinya aku puas bgt sama filmnya. even aku berterima kasih sudah bikin film sebagus jumbo. love you jumbo ,senang;;;;
banyak film tayang wei mending nonton pabrik gula komang atau jumbo ,senang;;;;
sesama animator saling support terhadap film jumbo sedangkan wapres kite milih nganu,senang;;;;
jumbo sap sap sap moment adalah adegan paling bikin ngakak sepanjang film.,senang;;;;
akhirnya hari ini nonton jumbo yang jadi film animasi indonesia pertama yang gue tonton. masuk tanpa ekspektasi apa pun dan wow gue dibuat kagum sama visual cerita dan voice acting dari semua cast members-nya. a story of love lost &amp; friendship that resonates w/ everyone ,senang;;;
ayo nonton jumbo &amp; qodrat 2 kualitas keduanya sangat beda levelnya dengan pabrik gula bahkan nggak fair kalo dibandingin karena emang kedua film itu jauh lebih bagus,marah;;;
maap tbtb nimbrung tp yu gais nonton jumbo asliii film nya bagus apalagi animasinya beneran manjain mata dan kyk masa sih ini bikinan orang indo krn sebagus ituuu,senang;;;;
jujur lucu &amp; bagus bgt alurnya jg rapiihh animasinya gemesin lagunya baguuusss : gue kebayang bakal cinta mati sama film ini kl nonton sebagai bocil yg suka bgt film2 kartun yg terasa magical. ayo guys nonton jumbo ajakin ponakan &amp; sepupu klen,senang;;
terharu habis nonton film jumbo bangga bgt sama animator2 indonesia +pengisi2 suaranya +editor2nya +pokoknya semua tim yg terlibat keren bgtt masih ga nyangka ini film bikinan indo,senang;;;;
td abis nntn film jumbo asli film animasi indo yg menurut gue bagus lucunya dpt bgt pesan ceritanya jg dpt bgtt wkwkk td sempet mau nangis tp ga jd gegara diledekinwkwkk,senang;;;;
film jumbo bagus bgtt ,senang;;;;
membuat petisi film jumbo bikin series tentang nurman!! plis bgt suka bgt personality doi. somehow ku ngeliat sekelibat sisi masa kecilku di dia :(,senang;;;;
saya tuh niat banget pengen nonton jumbo. bangga aja gitu ada animasi indonesia yang keren. ternyata gak cuma animasinya yang bagus. jajan ceritanya juga bagus. semoga semakin banyak film animasi karya anak bangsa ️️️,senang;;;;
si toto pengen nonton jumbo jadilah kita nonton. ternyata baguuuus loh film jumbo. ga nyangka euy film animasi indonesia bagus kek film pixar atau disney. ceritanya juga bagus dan indonesia bgt pake subtitle english pun. cuss pd nonton deh.,senang;;;;
semua harus nonton film jumbo sih. animasinya bagus ceritanya ringan dan oke. bangga banget indonesia ada film begini. kemaren wa nonton bersebelas (without promo!!).,senang;;;;
bisa ga sih bioskop diketatin lagi soal batasan umur mempengaruhi perilaku loh apa yang ditonton itu :(( kek ada film jumbo kenapa ada aja yg masih bawa nonton pabrik gula uncut,marah;;;;
sejujurnya bisa nangis 3x di film jumbo tapi setiap kambing2 skena itu muncul bubar jalan semua rasa haru gw,sedih;;;;
sedih juga lagunya jumbo kalau dipahami maaf ya ngatangatain dontol terus tp sedih dikit terharu khususnya sama film animasi indo yang alhamdulilah semakin maju,sedih;;;;
i udah berharap film jumbo penontonnya murni karena emg sebagus itu animasinya ternyata juga pke buzzer kyk film pabrik gula cuma emg pabrik gula lebih banyak aja ngerekrut buzzernya pantes i bingung kok bisa baru sehari udah 200k + penonton,senang;;;;
yeyyy jumbo terharuu film animasi indo kesayangan~ congratssss.,senang;;;;
jumbo yang paling signifikan naik jumlah penontonnya. ,senang;;;;
kalo ada yg masih ragu bimbang bingung mau nonton apa dari sekian film yg ada di bioskop sekarang nonton jumbo!!! gak akan nyesel serius deh untuk masyarakat indonesia yg tiap bulan disuapin film horor film ini terasa sangat fresh dan berasa perbedaan kuliatasnya ,senang;;;;
sepertinya nonton jumbo bakal ngebalikin semangat gua nonton film lagi at least ik it's gonna be fun experience but i just don't have that mood rn.,senang;;;;
betul itu pure dari pendapat saya pribadi mas dan juga hasil tukar fikiran saya setelah menonton dengan beberapa kerabat saya yg juga bbrp dari mereka telah memiliki anak di acara preview screening session:jumbo tapi balik lagi kami enjoy menonton film jumbo secara overall,senang;;;;
ini dia guys salah satu editor dari trailer film jumbo mari kita serbu dengan lope lope yang banyak ,senang;;;;
film jumbo bagus bgttt aaaaaaaaa 10000000000/10,senang;;;;
favorit bngtt juga sama semua soundtrack di film jumbo ini. paling fav sama lagunya pak maliq.,senang;;;;
mereka oshi-ku di film jumbo,senang;;;;
film jumbo hadir disaat ai sudah semakin gila. harapannya ini ga akan jadi pukulan buat industri animasi negeri yang mulai menggeliat tapi jadi potensi kolaborasi yang hebat di masa depan.,senang;;;;
guys ayo ramein film jumbo animasi nya keren banget sama banyak adegan jg bikin aku ketawa belom lagi plotnya asik banget beneran aku waktu nonton beneran gk bosen sama sekali yok ges dukung artist lokal (abis ditawarin nonton kedua kalinya),senang;;;;
ngeliat akhirnya potensi para animator indo dibuktikan dengan film animasi jumbo itu ngebuat gw jadi menggebu gebu jga. jadi semacam kayak game changer buat industri animasi yang sepertinya film (bukan animasi) juga sudah masuk/melewati tahap itu.,senang;;;;
pantesan lagu-lagu di film jumbo relate sama yg udah tua kaya aku,senang;;;;
ayoo nonton film jumbo ceritanya bagus bgttt!! lagunya jg enak semuaa,senang;;;;
laaafff... pujian review terbaik dari kalian adalah ketika kalian bikin fanart karena suka film jumbo ,senang;;;;
katanya film jumbo bagus jom lah kita nonton yang di bandung,senang;;;;
kemarin nonton film jumbo. keren sih animasi dan alur ceritanya. ditambah soundtrack nya juga keren-keren ,senang;;;;
scr keseluruhan keren banget film jumbo huhu belajar dan bikino lagi yg banyak soalnya itu lo awal yang buagus menurutkuuuuuuuuuuuu ,senang;;;;
nonton film jumbo bukan hanya soal bangga lihat teknis visual yang sangat baik tetapi juga bagaimana hati ikut tersentuh bahkan dari awal film dimulai serta tutur cerita yang indah membuktikan bahwa film yang dibuat dari hati akan sampai juga di hati penontonnya.,senang;;;;
dan gue liat ada bea nya domikado di film jumbo arghhhhhhh gue kesenengan sendiri di bioskop sambil nunjuk eh ada beaaaa!! ,senang;;;;
nonton jumbo dari awal udah berkaca-kaca karena ga nyangka indonesia punya film animasi sebagus ini,sedih;;;;
ini di film jumbo ada avengers references wkwkwk geng jumbo maju kayak pas cap bilang avengers assemble cuma karena bahasa indo mungkin ga pada ngeh kecuali merhatiin subtitles english dibawahnya.,senang;;;;
sumpah dari awal baru mulai film jumbo tuh ketika lagi bagian dongeng kalau boleh jujur pas itu mataku udah berkaca-kaca soalnya berasa di dongengin sama orang tua sendiri rasanya kaya pelukan hangat di malam dingin. bener-bener comforting banget. what an amazing story⭐⭐.,sedih;;;;
habis nonton jumbo. film animasi bagus bgt dari alur cerita character development si don pecah sih kesel mulu gua dr menit awal wkwk yang bikin nyes kdang ngerasa juga pernah jadi don. perasaan cucunya yg divalidasi terus sama oma nya soundtrack animasi best lah️,senang;;;;
aku kenapa deh sepanjang film jumbo nangis.. ko mellow terus bawaannya ,sedih;;;;
kemarin abis nonton film jumbo bagi gue itu bagus sih filmnya. udah lama bgt gak nonton² film animasi pas nonton lagi ternyata udah sebagus itu grafik animasinya. apalagi buat sekelas animasi di indonesia behh. big pride and respect for all of the team behind this film!!!,senang;;;;
ah bete ini film jumbo lewat mulu takut kespoilerrrr ,marah;;;;
sebagai penonton setia malam minggu miko turut bangga eh sm film jumbo :(((((,senang;;;;
mungkin ngatain normies yg nonton film asal asalan karena pgn seru seruan itu ada gunannya sorry tapi gua kesel liat ada orang udah dikasir tiket tapi bingung milih nonton dune atau sukutu iblis. lagian bnyak juga kok sinefil yg suka nonton film fun kaya flow atau jumbo.,marah;;;;
bener kata orang di twitter don di film jumbo hampir jadi dontol ke-2 wkwkwkwk,senang;;;;
ini tuh anjing banget tau ga andai pemerintah ga segoblok ini.. negara ini pasti bs ngelahirin banyak ilustrator ilustrator mantep yang dihargai.. dr film jumbo aku sadar indonesia itu bner bner punya banyak orang berbakat banget di industri kreatif,marah;;;;
kmrn sore udh berangkat buat nntn film ini. eh ternyata studio yg nayangin film ini ac-nya malah trouble. akhirnya balik badan bersama lusinan orang yg jg ikut kecewa. ga ikut bikin filmnya tp menyayangkan angka penonton yang gagal tercatat jd penonton jumbo di hari itu.,sedih;;;;
film jumbo bagus sekali. sbg anak yg pernah tumbuh dg tontonan disney dan pixar film jumbo tidak kalah bagus dari kualitas animasi maupun ceritanya.,senang;;;;
yaampun film jumbo lewat di fyp trs pas soundtrack yang liriknya kala nanti badai kan datang angin akan buatmu goyah maafkan. hidup memang ingin kau lebih kuat lgsg nangesssss,sedih;;;;
walopun udah balik ke kamar ttp mewek lagi gara2 denger ost film jumbo mewek jelek bgt lagi ,sedih;;;;
jumbo sih. kirain cuma film kartun aja. tapi ternyata... gilaaa alurnya dibikin amaze dan dikemas dengan baik. tiap adegannya bukan sekedar ocehan basa basi tapi bener2 berisi,senang;;;;
aku mungkin bukan reviewer profesional yang bisa kasih rating angka. tapi yang jelas: film ini layak banget dipromosikan ditonton rame-rame dan ditonton ulang. kalau kamu butuh tontonan yang meaningful tapi tetap menghibur jumbo bisa jadi jawabannya. yuk nonton #filmjumbo di,senang;;;;
aaakk sangat suka dengan promosi film jumbo ini,senang;;;;
ngetawain 5 menit krn chicco jeriko sm ganindra bimo jd dubber kambing di film jumbo ,senang;;;;
bagussssss banget. film jumbo baguuuuus. tapi kalau dari segi alur cerita anak dibawah 10 tahun belum nyampe ya. seenggaknya masih bisa menikmati cerita per scene dan animasinya yang buagus banget ,senang;;;;
ya allah seneng banget semua kalangan pada support jumbo! aku yg cuman penonton aja bangga apalagi para tim yang membuat karya ini... semlga kedepannya makin banyak film animasi dari animator2 indonesia yaaa. aamiin,senang;;;;
tolong... aku ga bisa move ob dari film jumbo. ini gabisa tidur otak nyanyi terus ost jumbo ,senang;;;;
jujur sepengen nangis itu waktu tau jumbo tembus 1jt penonton film animasi yang dibuat sm sekian ratus animator indonesia,sedih;;;;
film jumbo baguss bangett!! w nangis kejer nontonin jumbo. ,senang;;;;
guys not mark or kpop related tp tadi abis nonton film jumbo baaagus banget bye aku sampe netes sedih : ] dan lagunya omg semua bagus!,sedih;;;;
jadi mellow habis denger soundtrack film jumbo. gak anak piatu friendly ,sedih;;;;
indonesia lgi sibuk retweet pemerintah yg kek tai dukung palestine dukung film jumbo boikot produk bntu nelayan pik 2,marah;;;;
komennya pada gak ngerti kalo ini post apresiasi dari scene ikonik film jumbo kalo kata gue sih kalian semua harus nonton jumbo ,marah;;;;
sedih sekali ga bisa liat jumbo. sangat sangat sedih apalagi aku pecinta film animasi.,sedih;;;;
not to be dramatic tapi animasi jumbo berhasil merangkul inner child jiwa anak dkv dan pecinta film genre musikal-ku!!! ,senang;;;;
film jumbo bagus banget.,senang;;;;
tapi gue nangis kejer dan dengan sadar berucap gue kayak orang gapunya orang tua dah (ortu pasif) ((sama2 diurus nenek)) karakter2 film jumbo kalo disatuin masalahnya jd masalah gue semua wkwkwkwkwkwkwkwkwk,sedih;;;;
habis nonton jumbo aku mau cerita dari sudut pandangku tentang film ini. pertama dan yang paling utama adalah grafisnya gila bagus banget woii asli kyk bukan film indo deh keren banget bisa bikin sebagus ituuu!!! yang kedua ceritanya yang sangat tidak terduga karena aku-,senang;;;;
kak ryan! selamat atas 1 juta penonton jumbo! super keren super bangga! terima kasih kak ryan dan semua team udah bikin film animasi super bagus dan keren kayak jumbo. you guys did so amazing. definitely worth the long wait. congratulations once again! very very proud️️,senang;;;;
film lebaran 2025 terfavorit (basis penilaian dari sisi fokus cerita sekaligus presentasinya): komang &gt; qodrat 2 &gt; jumbo &gt; pabrik gula &gt; norma,senang
jumbo literally deserve ittt likeee fr gue bukan buzzer gue liat sndiri tadi and... bagus bgt gue smpe nangis mulu awal awal film aj dh mau nangis (maaf cengeng),senang;;;;
perasaan ku pas nonton film jumbo itu membawa memoriku ke masa kecil yg bisa dibilang sulit berbaur teman terbatas tidak dianggap tapi disisi lain adalah kesedihan dan kekhawatiran apakah justru dulu aku yg malah menjadi pelaku yg menyakiti temenku tanpa sadar.. ,sedih;;;;
guys film jumbo seru bangetttttttt wajibbb nonton 100000/1000 gua udh nangis dr awal hiks seru bangat,senang;;;;
tumben sekali maraton 2 film di bioskop dan duaa duanyaa film indonesia. daaann tidak mengecewakan semuanyaa shout out to qodrat 2 dannn jumbo and thats the end of my holidays ,senang;;;;
karena terkadang kaya film di*ney atau pix*ar cuman caranya menyelesaikan masalah terus ya udah. sedangkan jumbo tuh cukup kompleks apalagi untuk film anak2 well done teams!!! ,senang;;;;
happy bgt liat review film jumbo dimana mana krn sebaguuuus itu️,senang;;;;
sukses dibuat berurai air mata sama film jumbo,sedih;;;;
hbs nonton film jumbo bagus bgt anjir smpe bikin mewek (soalnya relate sama² ditinggal emak wkw) worth to watch 10/10 filmnya!,sedih;;;;
jumbo keren sih tapi kalo dibandingin sama ne zha 2 kebanting banget. sejauh itu ketinggalannya tapi gapapa sih good progress lah buat film animasi lokal.,senang;;;;
berencana nonton jumbo tp liat video 15 detik clip lagu nya aja menetes ini air mata like im so happy to see indonesian animation film getting more more recognition bcs trs behind the scene rekaman di studionya yg bermunculan di reels juga kek arrghh knp gua cengeng bngt -cont,sedih;;;;
nungguin jumbo sudah sejak 1000 tahun lalu terus sekarang liat filmnyo tayang dan dapat 1 juta penonton dalam 7 hari tu kekkkk so happy for the whole team behind this amazing film lahh. bangga woyyy ️️️️,senang;;;;
dari awal emang pengen nonton jumbo. pingin mengapresiasi karya anak bangsa. penasaran juga gimana hasilnya. dan gak menyesal sama sekali. yuk tonton film jumbo mumpung masih banyak di bioskop ,senang;;;;
selama scroll² sepertinya kabar baik dari indonesia adalah berhasil bikin film animasi yang keren jumbo alhamdulillah seenggaknya ada 1 kabar baik ,senang;;;;
sakatupo agak laen dan jumbo. fiks film indonesia terfavoriiitttt,senang;;;;
pagi-pagi udah mewek perkara nonton konten tiktok post raya depression &amp; yang pada abis nonton film jumbo,sedih;;;
sepanjang film inilah perasaanku semakin engga suka jumbo (bias) kalo engga gara2 promo tgif cinepol dah badmood bgt keknya,marah;;;;
film animasi lokal sukses di box office adalah tamparan besar buat ai. #jumbo,senang;;;;
cukup miris lebaran penuh dengan film horror. hadirnya jumbo bagai penyelamat tontonan yang sesuai usia bagi anak-anak ,senang;;;;
nontonnnnn film jumbo guyssss!!!! bagus bgtttt ayo hargain karyanya jangan nonton yg bajakan,senang;;;;
kemaren pas gua abis nonton jumbo tiba tiba air mata gua berlinang di akhir film sedih bngt seluruh karakter nya punya latar belakang yang berbeda beda dan buat sedih bngt. sngt recommended,sedih;;;;
kok ada ya film sebagus jumbo ,senang;;;;
sepanjang film jumbo nangis bgtt nangis karena selama ini aku jahat nya kebangetan mau nya di dengar tpi org sekitar ku masi sayang bgtt sama aku ,sedih;;;;
yaallah selalu nangia tiap video yg lwt di fyp pake soundtrack film jumbo yang selalu di nadimu,sedih;;;;
masih ter mewek-mewek sama soundtrack film jumbo pesannya bener-bener nyampe bgtt. apalagi gue semakin menyadari kalo sebenernya banyak pesan-pesan tersirat di dalam lagu yang seakan-akan jadi harapan dan doa dari semua orang tua di dunia ini.,sedih;;;;
org org nntn jumbo ktnya bagus smpe ad yg nngs gw nungguin njir sedihnya dimana ya tp emg si namanya film animasi trgetnya bocil bukan bocil segede ini,marah;;;;
sy kl nonton film jumbo lagi berapa kali pun bakal terus nangis sihhhh. bagus bgttt pgn nonton lagiii,sedih;;;;
nangis nonton kaluna ️ nangis nonton jumbo pas nyanyi nya ️ bisa2nya film kartun bocil deep bgt ost nya,sedih;;;;
padahal jumbo sebagus itu. mending fomo tapi mendukung animasi indonesia drpd film gajelas,senang;;;;
selain detail dari film jumbo. pengambilan gambar nya jg baguss bgt gak asal-asal . big respect buat seluruh yg terlibat di film animasi ini ,senang;;;;
semalam nonton jumbo bareng gery dan film jumbo bagus banget,senang;;;;
film jumbo sing ngeselin jumbo e ternyata,marah;;;;
orang dewasa kayak kita juga banyak pelajaran yg dipetik dr film jumbo. aku aja banyak tersentil hiks. mau sebutin quotes2 nya tapi takut spoiler krn ku ga suka dispoiler.,takut;;;;
gue bisa aja nonton jumbo sendiri tp gue mau ajak ponakan2 jiga w biar mereka tau kalo indonesia punya film animasi bagus gue mau mereka jg ngerasain experience nonton jumbo kmrn diajaki ga mai krn blm engeh bsk coba lagiiii,senang;;;;
film jumbo bener-bener keren banget. aku juga mau punya radio nya... ,senang;;;;
jumbo film yang bagus dan memuaskan ygmna hasil karya dari one of the most talented indonesia comedian dan one of the most talented indonesian animator ,senang;;;;
pengen nonton jumbo sekeluarga kecilku. tapi bocilku blm cukup umur utk duduk tenang menikmati film ,takut;;;;
tahun ini lebaran filmnya emang keren semua tapi gw pilih nonton jumbo sama qodrat 2 karena penasaran sama animasi indonesia dan qodrat 1 adalah salah satu film horor favorit jadi penasaran sama sequelnya dan semuanya memuaskan,senang;;;;
bener2 langsung keinget coco pas scene sama oma menurutku film jumbo bagus banget! tapi jujur buat film yg target audiencenya anak2 tuh terlalu kompleks. but anak2 kan biasanya menikmati aja yah ga terlalu banyak mikir kenapa begini begitu. jadi rate aku 8.5/10,senang;;;;
btw aku semalem nonton jumbo di awal film udah nangis aja wqwq,sedih;;;;
film jumbo ini sederhana tapi seheart warming itu buat gua ga lebay tapi nyess bangett terutama cara dia berdamai sama yang namanya kehilangan dan terus berjuang walaupun semua orang ngeunder estimate dia,sedih;;;;
gue mikir keras siapa pengisi suara oma don di film jumbo. gak asing banget suaranya kayak kenal.. setelah cek ulang ternyata ibu ratna riantiarno teater koma.. (kaget sekagetnya) pantes keren banget itu sih oma..,senang;;;;
film jumbo hit me very hard nangeees bgt karna relate dgn hidup setelah kehilangan orang tua :' huhu,sedih;;;;
yg suka film ghibli when marnie was there kalo nonton jumbo pasti langsung ngerasa merinding aku suka plot yg kyk gini.,senang;;;;
mataku udah sembab dari kemarin nangisin film jumbo literally bengkakkk,sedih;;;;
efek nonton film jumbo beberapa hari lalu w masih ga berhenti nangis apalagi kalo denger soundtracknya. kayak.. masih ga nyangka indonesia bisa bikin animasi sehebat itu yang storylinenya magic bgt dan setiap scenenya deep banget dri awal smpe akhir dibuat nangis wkwk,sedih;;;;
lagipula film animasi sekelas #jumbo ini sudah banyak buzzer gratisan yang benar-benar sudah menonton dan apresiasi pakai hati. seharusnya dukungan pemerintah lebih diarahkan supaya film sejenis #jumbo ini terus eksis dan berkembang.... ‍️,marah;;;;
maaf bang jadi nulis bang rian jadi bang ryan awkwakwak semoga jumbo dapet 4jt penonton biar bisa nonton stand up comedynya hohohoho terakhir liat di malam minggu miko tiba tiba bikin film animasi sebagus jumbo,senang;;;;
bener kata film jumbo sedikit demi sedikit kau akan berteman dengan pahitnya dunia. kek pas lg disituasi dimana keknya gakuat tp selalu inget 'gapapa udah biasa kan kaya gini' hehe,takut;;;;
baguss bangett film jumbo! + ga nyangka trio kambing mbekk itu ternyata pengisi suaranya para aktor ternama juga : d,senang;;;;
dari nonton film jumbo gw merasakan sesuatu yg berbeda di bioskop ternyata bioskop dipenuhi anak2 dan sesuai dengan tontonannya itu begitu hangat dan menyenangkan yah ,senang;;;;
film jumbo unexpected bagus bgt,senang;;;;
jumbo bgs bngt teman2... nonton deh kl punya wkt. gw suka crita dan animasinya. superb!!! sempet bikin gw kangen bokap nyokap. jd smpet cengeng. etapi itu cengeng krn gabungan kangen bokap nyokap ceritanya si film dan liat animasinya. aduh ️️️️️️️,sedih;;;;
film jumbo bikin flashback kenangan smaa mbahkuu weii,sedih;;;;
kak gua nangus kejer grgr liat cuplikan film jumbo ,sedih;;;;
film jumbo membuatku mewek,sedih;;;;
film jumbo mengajarkan bersekutu dengan jin bjir,takut;;;;
aku penasaran yg point out jumbo kurang krn ada hantunya dan bilang itu kurang realistik tu proses berpikirnya gimana kek beneran gk nangkep kah kalo film jumbo itu ya . fantasi,takut;;;;
dalam judul: gideon dan paguyuban bocilnya. btw terima kasih jumbo udah jadi film yang sangat asik ditonton bareng keluarga!,senang;;;;
jumbo adalah film yg beneran ngebangkitin inner child gua,senang;;;;
film jumbo bagus bgtttt sukaa bkl rewatch si ,senang;;;;
awalnya aku gamau nonton karena jumbo mirip si gemoy tapi kaya yaudah lah kepo banget. eh anjir ternyata sebagus itu... masih amazed ternyata indonesia bisa bikin film animasi sekeren ini loh. sountracknya juga bagus-bagus. makin notice si queen salman deh temennya rara kan doi,senang;;;;
jatuh cinta sama film jumbo ,senang;;;;
lagi suka bngttt sm film² yg sekarang lg tayang kecuali horor karna ga pernah nonton horor. dari jumbo dan komang tuh beneran keren bngt film nyaa!! semua pesan tersampaikan dengan baik dan nonton sampe 2 jam tuh ga bosen!!,senang;;;;
please lah ini mah semuanya harus nonton film jumbo. honest review bagus bgt : ) #jumbo,senang;;;;
mvp di film jumbo definitely bukan don atau meri tapi tentu saja adalah nurman. karakter green flag yg belum tentu ada di tiap tongkrongan.,senang;;;;
udah hari keberapa rilis dan masih rame bgt penontonnya. you can see and feel the heart and dedication of the creators clearly. oh to do the things you love. bangga nonton film sebagus jumbo. bangga produk lokal dari seniman lokal!,senang;;;;
ditengah ramainya film jumbo aku mau berpendapat. sebagai orang yg juga gemuk dari kecil kalau ada yg manggil gendut gede gebrot and ya jumbo jujur effect dan keingetnya sampai sekarang. semoga dengan hypenya film ini nggak menormalisasi manggil orang gemuk dg jumbo ,takut;;;;
emang dongo2 orang indo dikasih film bagus kayak jumbo malah yg dipikirin setannya,marah;;;;
adegan don gak diajak main di film jumbo bikin aku menangis karena teringat masa kecilku. bedanya aku dulu cengeng tetapi don masih kuat dan ceria. terima kasih untuk visinema dan bang ryan yang udah bikin film ini. bagian awal tengah dan akhir film bisa bikin sedih.,sedih;;;;
akhirnya kesampaian juga nonton #jumbo. film yg terasa banget dibuat dgn sepenuh hati &amp; cinta. semoga ke depan makin banyak film2 indonesia yg seperti ini ️️,senang;;;
film jumbo dituduh musyrik sama orang tua yang tontonan masa kecilnya adalah jin &amp; jun sama tuyul &amp; mbak yul ,takut;;
film lebaran tahun ini bagus2 udah nonton ketiga film; jumbo komang sm pabrik gula. genrenya beda semua jadi so fun sekalii ttp plg the best dan worth to watch is jumbo cepatlah nontonn yang belum #buzzergratisjumbo,senang;;;
ini dia rating pribadi versi aku untuk sinema lebaran kali ini: jumbo (8/10) qodrat 2 (7/10) pabrik gula (5/10) untuk 2 film yang tersisa sepertinya kali ini memang skip dulu. nanti menunggu rilis di digital or service streaming or ott. ,senang;;;;
tadi nonton film jumbo dan ternyata diluar ekspektasi sangking bagussnyaa. aku sebagai pecinta animasi dan kartuunn sepanjang film cukup terbawa suasana dari seru sampe haru,senang;;;;
jumbo: 8/10 awal sampai pertengahan film kesel sama don karna karakternya sangat frustrating egocentric. pertengahan-ending bikin mewek dikit karna ngena bgt pesannya wkwk,sedih;;;;
belom ntn film jumbo tapi denger lagunya bikin nangis parah ,sedih;;;;
i miss my phopho kungkung mbah uti mbah kung so much i wish i can hug them just one more time .. my heart break into pieces ngeliat story kakakku yg upload ttg film jumbo. andai punya radionya bakalan ngmg blabla ke mereka duh :( pgn ktmu,sedih;;;;
pengen nonton film jumbo tapi agak janggal gak sih kalo cowok umur segini nonton sendirian atau berdua,takut;;;;
gue mau banget ajak anak tetangga buat nonton jumbo karena itu bagus banget. ngerasa semua anak harus nonton itu tapi kesel banget ama bapaknya yg suka nuduh gue ngajak anaknya nonton film dewasa ,senang;;;;
film jumbo emang bagus polll keren bangettt ya allah dibikin nangis sampe watuk wkwkwkwk. apalagi waktu si don nyalain radio terus ortunya muncul lalu meluk don. gak hanya itu terus pas nyanyi ngeresapi liriknya jadi kangen ibuk hehehehe,sedih;;;;
sumpah ya dari kmrn komen si ibu2 yg blg nnton jumbo jadi takut bikin anaknya mempertanyakan aqidah tu ngeselin. bkn masalah agama tapi ya namanya film animasi anak apalagi fantasi ya gini. perasaan dlu wktu kecil w nnton apa aja gapernah lgsg bikin mempertanyakan aqidah deh,marah;;;;
makanya ini film ratingnya semua umur. orang gede bisa menangkap dari angle kejahatan pak kades gusur tanah orang anak kecil lihatnya pak kades jahat ke temennya. ketika mereka mulai tumbuh dewasa mereka nonton jumbo lagi mereka akan mengerti hal hal lain dari film itu.,takut;;;;
1. jangan meremehkan anak kecil 2. inilah hebatnya film (apalagi animasi). topik yg mungkin buat kita kayaknya berat tapi buat jumbo dan kawan kawannya dia ngelawan pak kades sesimpel karena pak kades ngejahatin meri dan abang acil aja.,takut;;;;
baru nyadar aq suka nntn film visinema....pantesan gue suka bgt mrs and jumbo trnyata satu ph sama nkcthi and hsl...penggemar nkcthi since day #1,senang;;;;
seharusnya hadirnya film jumbo itu tamparan yang sangat berharga bagi kalian pemerintah yang masih membangga-banggakan ai! indonesia tu gak kekurangan orang-orang yang punya kemampuan bikin animasi handal. kalo kalian cari kalin pasti nemu wahai pemerintah. toh...,marah;;;;
mewek bgt sama film jumbo,sedih;;;;
senin aku akan nonton film jumbo sendiri. biar tangisku aku habisin dalam bioskop tanpa kuatir anak anak sedih kalo emak nya nangis :) iya anak2 ga suka liat emaknya nangis padahal ya tangisnya cm gara2 nonton film atau kangen kakeknya,sedih;;;;
nyari penyakit emg semua reels ig film jumbo gua nontonin berakhir nangisssssssssssss gabisaaa akuuu gakuat kalo soal ibu ke anakkkkkk,sedih;;;;
atta adalah karakter favorit gue di film jumbo. my shayla ,senang;;;;
funfact dh semingguan dari abis nonton film jumbo ak jd dengerin ost film jumbo seribu juta kali saking sukanya,senang;;;;
film jumbo dikata musyrik nih kenape ye anak anak itu harus punya imajinasi yang luas kalo dia dipatahkan terus imajinasi nya dampak nya kemana mana jadi males baca males nulis males mikir kritis bahkan dalam agama pun banyak cerita tentang keajaiban dan mukjizat kokk,marah;;;;
menurut w jumbo alur /lt nya hampir mirp kek film coco tapi tetep ada bedanya ok aja sih buat anak2 mah tapi kalo film coco gw bisa nangis jumbo masih berkaca2 aja . tapi udah keren animasi indo,sedih;;;;
acil adalah tokoh terbaik di film jumbo sih menurut gue. dewasa banget.,senang;;;;
abang first time nonton di bioskop nonton jumbo . di akhir film aku tanya bang mau ga di tinggalin mamiw papiw trus abang jawab ga mau di tinggalin wkwk terharu gw,sedih;;;;
setiap liat update tentang film jumbo seriusan gak peres kek hatiku hangat banget jadi ikut senyum dan bangga : ) beneran happy bangetttt selamat dan selamat dan selamat buat tim jumbo semuanyaaa ,senang;;;;
pov abis nonton jumbo: kebanyakan ngomobg dalem hati iyalagi teruss hmmm mikir terus pas denger lagunya berkaca-kaca semoga makin banyak produksi film yaa jumbo!,sedih;;;;
sumpah kayanya bakal melebihi itu karena kemarin penuh bgt bioskop jadi kaya seneng gitu liat bioskop serame itu gara2 film jumbo banyak bgt anak kecil ditemenin keluarganya untuk nonton. udh lama galiat bioskop serame inii,senang;;;;
standing ovation buat semua crew animator staff dan aktor yg terlibat. setelah 13 hari penayangan jumbo tembus 3 jt penonton yeyyy really deserves it. berharap film sejenis ini makin banyak indonesia gak kekurangan orang pintar dan kreatif orang indonesia hanya,senang;;;;
sama film animasi ketika tau indo bisa bikin karya yg mirip pastinya bangga bangetttttt seketika excited nonton dan jadi buzzer gratisan wkwk. jumbo berkisah tentang don bocah yatim yg tinggal bersama omanya karena udah ditinggal sama ortunya pas kecil.,senang;;;;
bisa2 nya nonton film jumbo nangis ahhhh,sedih;;;;
jujur sebel bgt sama org yg buat konten jumbo itu ngajarin minta bantuan buat jin bla bla bla . jing itu film imajinasi pikiran dewasa tolong jangan dibawa². lagian anak kecil itu imajinasinya masih kuatt bgt. noh upin ipin minta tolong ke sepi sama rambo,marah;;;;
film jumbo bagus banget oi,senang;;;;
thanks yaa jumbo byk hal yang bisa aku ambil dri film ini. mata ku ampe bengkak kebanyakan nangis (suer) kmrn nonton ber 3 tp ada 1 org lg ikut tyt tau gitu beli 4 tiket ya..,sedih;;;;
terus gue juga pengen gali pesan yang ingin disampaikan dari narasi (film) jumbo buat audiens tu apa. soalnya tadi gue memosisikan diri sbg penonton dan hanyut dlm cerita ️,sedih;;;;
produksi visual film jumbo set the standard untuk film animasi dalam negeri jadi cukup tinggi bagus detailsnya suka banget. warna-warna penokohannya juga hangat. missed di beberapa aspek imho tapi tetap patut diapresiasi sebaik-baiknya!,senang;;;;
eh iya loh kalo dipikir2 ya wkkwkw pak kades hrsnya pro warga eh dendam kesumat (ya background nya gr2 disakiti juga) trs org indo kan religius nya tinggi tuh di film jumbo ini beneran berkat bantuan mistis bisa ngalahin pak kades,marah;;;;
jumbo. dibuat oleh ryan yg sering aku tonton di masa remaja. tadi nonton sama sahabat2ku yg biasa menghabiskan waktu bersama saat remaja. di akhir film kami berpelukan bertiga. ️,sedih;;;;
i hope that indonesia can make another animation movie yangg lebih buaguzzz secara visual soundtrack alur cerita dan semuaaanyaaa. pokokknya jumbo deserve this⭐️⭐️⭐️⭐️⭐️ apalagi ada maliq jg jadi pengisi soundtrack! gokill lets support film animasii indonesia!!,senang;;;;
papi mami meri versi jahat keluar kayaknya si adek takut huhuhu.. tpi stlah ortu meri dah balik jadi baik adek balik enjoy lagi nontonnya. adek selalu inget kambing temenny nurma hihihi.. bukti film jumbo bisa dinikmati semua umur ,takut;;;;
nangis di film nussa karena tersentuh di sisi sebagai ayah. nangis di film jumbo karena tersentuh di sisi anak yang udah nggak punya ayah. kenapa makin melow dah kalau udah punya anak gini. ,sedih;;;;
ini film jumbo heartwarming banget tadi beberapa kali mau nangis ditahan-tahan mulu pas nonton ,sedih;;;;
selalu percaya kalo film itu adalah karya kolaborasi. film yang bagus gak lahir karena 1 sutradara atau 1 scriptwriter yg bagus aja. tapi semuanya bener-bener semua orang di semua lini. thank you jumbo thank you visinema. ini karya yang kereeeeennnn sekali!,senang;;;;
please nonton jumbo. bikin ekspektasi kalian tinggi aja. gapapa! ini film bisa bikin melongo dr segi cerita dsn visual ,senang;;;;
kenapa ya tiap nonton film animasi di bioskop pasti ceritanya yang ada yatim-yatimnya waktu nonton the good dinosaur pas sd dulu di scene bapaknya ilang kebawa arus auto netes air mata. padahal belum yatim. pas sekarang dah yatim nonton jumbo makin deres lagi keluarnya ,sedih;;;;
pokoknya kalian semua harus nonton film jumbo. gue as a free buzzer nih film sangat merekomendasikan kepada kalian semua. well ini film fokus banget sama alur dan char developmentnya. ayo kita jadiin si sutradara bikin special show stand up comedy.,senang;;;;
film jumbo bangus bangettttttt,senang;;;;
seneng banget banyak temen-temen anak-anak yang menjadikan #jumbo sebagai tontonan pertama di bioskop semoga bisa berkesan di hati kamu yaaa!,senang;;;;
baru selesai nonton film jumbo baguus sekali nangis sesenggukan krn berasa sangat personal sangat amat aku rekomen utk ditonton saat liburan panjang inii!⭐️,sedih;;;;
barusan nonton jumbo. sepanjang film blur dan ruangan panas. ternyata mata gw basah aja gitu sepanjang film. bagus banget. makin yakin ai slops ga akan pernah bisa ngegantiin karya yang bener-bener dari hati.,sedih;;;;
jadi film indonesia yg tayang lebaran ini ada film horror exocirst drama peselingkuhan &amp; animasi keren (jumbo) kalau sampai film jumbo penontonnya kalah ama film drama perselingkuhan ini walaupun memang selera tontonan itu masing aku kecewa sih ama pilihan tontonan rakyat,marah;;;
udah lama gak nangis gara gara film jumbo berhasil bikin sesenggukan,sedih;;;;
gemes ketawa terharu. selesai nonton langsung nangis film jumbo bagus ceritanya bagus animasinya juga bagus,sedih;;;;
sudah nonton don dkk hari ini! film yang manis dan menghangatkan hati. terima kasih mas ryan dan talenta2 lainnya yg sukses bikin jumbo. terbaik!!!! ,senang;;;;
honest review : jumbo - secara visual oke sih tp nothing special apalagi mengingat produksinya lumayan serius 5 tahunan walau banyak produksi pixar lebih lama dr ini - cerita bagus tp sepertinya sulit di mengerti anak &lt;7 thn jadi kalau ini film su mungkin harus lebih .,senang;;;
merayakan lebaran dengan menonton film jumbo,senang;;;;
film jumbo bagusss bgt ga expect film animasi indo yg animasinya sebagus itu ceritanya juga unikk dan lucuu cocok buat tontonan lebaran rate dari aku 9/10,senang;;;;
pengen banget nonton jumbo tapi tadi ga jadi karna temen gw ga suka kartun jadilah nonton film gajelas,sedih;;;;
tp jumbo related banget makan telor sama kecap. butuh proses yg lama dan salut buat produsernya berani di era film yg ga maju seputaran horor cinta2an pake aktornya itu2 mulu,sedih;;;;
jumbo bagus bangetttt. kaget banget film anak anak tapi ceritanya bagooos,senang;;;;
hari ini nonton film jumbo di bioskop. satu kata yg bisa mewakili adalah 'bangga' karena sekelompok banyak orang indonesia bisa membuat animasi sebagus itu. namun sayang nilai2 yg terkandung dalam film tsb ndak cocok buat anak kecil yang belum paham mana khayalan mana fakta.,senang;;;;
abis nonton film jumbo tadi keren bgt animasi nya film se bagus ini hrs diapresiasi sebanyak2 nya secara bikinnya juga 5 tahun tonton guys keren bgt,senang;;;;
padahl wktu nnton one piece di bioskop juga gue sendirian anjir ga peduli org di sekitar. knp sekarang mau nnton jumbo smdiri mesti ragu plsss gas aja ga sih ajg kenapa si tmn w gasuka nnton film kenapa gapunay tmn yg lain kenpaa ,takut;;;;
suka banget sama film jumbo️,senang;;;;
btw ternyata jumbo tuh film animasi indo mana film nya bikin nangis mulu tpi kadang kesel sama sih jumbo juga wkwkwkw,sedih;;;;
film ini bercerita ttg don yg dipanggil jumbo oleh tmn2nya krn tubuhnya yg gemuk. dia smpat diremehkan sama teman2nya krn fisik yg tidak mumpuni buat bermain bareng. don suka mendongeng ke teman2nya dgn buku buatan orgtuanya yg tlh meninggal.,sedih;;;;
nonton jumbo baru mulai ni film ade gw udh nyeletuk gendut mirip prabowo . akhirnya sepanjang film gagal fokus bangke bgt,senang;;;;
tmi dikit tadi sblm nonton berantem dulu sama adek karna telat ke bioskopnya. akhirnya beli tiket lagi karna yg tiket pertama hangus. well at least aku gk nyesel beli tiket 2x karna film jumbo juara!! please banyakin film begini jujur capek bgt ngeliat bioskop horror melulu,senang;;;;
abis ntn film jumbo semakin sadar kl artist animasi di indo kerennn2 bgt krn emg rill sebagus itu filmnya mangkanya gue kesel bgt itu wapres ngucapin idul fitri pake ai tololll sumpah,marah;;;;
abis dari nonton jumbo keren banget. indonesia butuh bikin film animasi kayak gini sering-sering!!!!,senang;;;;
honest review film jumbo + animasinya bagus bgttt teksturnya gokil. rambutnya si don cakepp + ga heran ada dop krn shotnya cakep2. kek jarang bgt kagum sama shot film animasi + ostnya beneran kerasa magis. liriknya bikin merinding (in a good way) + smw karakter dibikin abu2,senang;;;;
ambience jumbo kok kaya seru bgt yah mau juga jadi part of film animasi gini soon bgt aamiin,senang;;;;
film jumbo nih bagus banget dah aslii,senang;;;;
penantian panjang itu terbayar hari ini. jumbo akhirnya tayang. film animasi yang indah amat indah. seluruh elemen di film ini menyenangkan. musik cerita dialog lirik lagu everything just beautiful ️,senang;;;;
itu film jumbo gapake ai kyk gibran kn,takut;;;;
harus banget nonton film jumbo bagus bangettt,senang;;;;
2 film lebaran sejauh ini menyenangkan: - jumbo - qodrat 2 ,senang;;;;
ya allah... semoga jumbo laris manis biar balik modalnya dan untung banyak...jadi bisa bikin film lagi... aamiin... ini kalo ga pas hari pertama lebaran mungkin lebih banyak yang nonton ya... ,senang;;;;
#1 film jumbo dibikin part2 gtu bikin ceritanya gampang dikunyah sekalipun buat anak2. #2 setting cerita di tahun 90 (atau late 80an) bikin kita nih bapak2 nanggung jd berasa nostalgia dari permainan yg dimainin jumbo sama markas2an punya mereka jg bikin nostalgia bgt,senang;;;;
#jumbo ini ibarat film keluarga yang heartwarming sekali. kita bisa dibuat ketawa dan sedih. suka ceritanya nggak terlalu berat juga buat anak-anak. i love it!,senang;;;;
film nya bagus bgt cuman jumbo nya ngeselin naudzubillah,senang;;;;
film jumbo seruuuwww,senang;;;;
abis nonton film jumbo ternyata genre horor ya wkwkwkwk tapi bagus ,senang;;;;
pengen ngajak adek nonton film jumbo tapi dia malah sakit ,sedih;;;;
malem2 nangisin film jumbo boleh ga si gusy asli emosyenel bgttt ,sedih;;;;
film jumbo bagus bgt tearjerker punnnnnn ,senang;;;;
disaat orang2 heboh nonton pabrik gula norma etc sebuah keputusan yg tepat buat milih nonton #jumbo animasinya keren jalan ceritanya juga oke lah untuk film semua umur ada kocak sama moral yg bisa bocil2 ambil wkwkwk. gongnya bisa bikin nangis di endingnya wkwkwkwk,senang;;;;
nonton jumbo guys. bagus bangeeeeeeet animasinya! ceritanya gak lazim tapi okelah beda. tapi plis nonton biar produser tuh liat bahwa animasi indonesia itu ada marketnya. biar tumbuh jadi film animasi di bioskop ga disney2 doang. nonton yaaa.,senang;;;;
film jumbo untuk toddler 21 thn ini sngtlah seru,senang;;;;
hari ini aku udah nonton film jumbo banjir bangeeeeetttttt ,sedih;;;;
film jumbo bagus banget!! hati moengilku menangiiisssss,sedih;;;;
mending nonton jumbo film animasi anak bangsa. bagus pula ceritanya.,senang;;;;
lusa yang lalu abis nonton jumbo dan masih kagum ternyata indonesia udah bisa bikin film animasi sebagus ini ayo nonton jumbo gaiss. jangan lupa bawa tissue yaa,senang;;;;
ih sedih bgt yg review film jumbo dibilang buzzer padahal animasi sekeren itu emg pantes dapet apresiasi,sedih;;;;
sejujurnya sejak 2023 gue udh stop spend budget nonton bioskop untuk film horor karena: 1. kualitasnya 2. alur berulang 3. gak lama pasti bakal tayang di platform ott jadi sekarang gue lebih mau nonton ke bioskop untuk film indo yang cukup unik aja kek animasi jumbo itu,senang;;;;
hiks btw pas nonton jumbo tadi sedih banget huhuhu ternyata indonesia juga bisa buat film animasi sekeren itu pesan pesan yang ada juga bisa tersalurkan dengan baik banget salutt bangett huhu sukak,senang;;;;
sejak pertama kenal suami baru kali ini pulang nonton film dan sampai mau tidur pun masih dibahas film jumbo kayaknya berkesan banget buat paksu,senang;;;;
lagian ada film yg lebih bagus: qodrat 2 sama jumbo malah tonton yang film-film gimmick uncut ,marah;;;;
jumbo... kamu memenuhi ekspetasi ku. selain animasi nya yang jossss. penulisan skrip nya itu loh yang bener bener diperhatiin banget makanya nih film bisa jadi bagus bangettt #jumbo,senang;;;;
kata aku sih gera nonton jumbo ke bioskop. mungkin ini sangat subjektif karena suka film animasi tapi aku ngarep banget ni film bisa lebih banyak penontonnya dari horror horror itu,senang;;;;
film #jumbo gemesin bangeetttttt,senang;;;;
lebih tertarik nonton film jumbo drpd pabrik gula uncu(t),senang;;;;
should've gotten more number because this film was visually pleasing. sudah selayaknya jumbo ini disejajarkan dengan pixar.,senang;;;;
film jumbo bagus banget woiiiii,senang;;;;
kamu bisa disebut disabilitas jika ada film se bagus jumbo tapi masih pengen nonton horor tai ledig.,marah;;;;
kayaknya film yang bagus gue tonton 2025 itu jumbo dah. bukan soal animasinya story nya karakternya sampe soundtracknya anjeng! tanpa cacat nih film,senang;;;;
baru kelar nonton film jumbo imo ya dari segi animasi keren abis 9 5/10. tapi dari segi ceritanya masih kureng 7/10 lah. kirain bakal expect cerita anak2 yg banyak main imajinasi dan mimpinya. gataunya masih ada hantu2 segala. agak kureng sih menurut gw film anak. -cont,senang;;;;
anw film jumbo heartwarming bgt gue nangis 4 kali,sedih;;;;
setelah the wild robot jumbo adalah film animasi kedua yg bikin nangis di umur 21. filmnya terasa hangat sekali ,sedih;;;;
gw lah yang nonton film ini dan nangis apalagi pernah di treat kyk jumbo pas sd wkwkwkw,sedih;;;;
kalian harus banget nonton film jumbo!!!! bagus banget woyyyyyy ,senang;;;;
film jumbo bagus yaak. keren ,senang;;;;
woi film jumbo bagus banget siapa sangka aku sampe nangis,sedih;;;;
laki gua nonton jumbo nangissssss. film j u m b o ,sedih;;;;
tapi bagus congrats film jumbo,senang;;;;
film animasi itu membutuhkan begitu banyak (teknologi ) tenaga dan waktu sehingga risikonya begitu besar. jadi tiap melihat ada yg mencoba lagi dan lagi menghidupkan animasi lokal rasanya selalu ngeri-ngeri excited. semoga jumbo laris manis deh.,senang;;;;
gila jumbo bener bener sekeren itu suka banget sama animasinya yang super keren dan sedih banget pas scene atta sama kakanya terus pas mereka pentas plisss banyakin film gini suka bangett️,sedih;;;;
cm mau ngasih tau film jumbo bagus bgt hati moengilku tersentuh,senang;;;;
jumbo menyatu dengan riuh riang dari para penonton-penonton kecilnya. seruan dan tawa dari bangku belakangku memberikan warna tersendiri saat menonton film animasi ini. (aku yang membenci suara-suara berisik saat sedang menonton film menikmati keriuhan para bocil!),senang;;;;
satu hal yang paling cemerlang dalam jumbo adalah... scoring. haru lucu menegangkan heroik atau apapun itu. they nailed it. (plus ost yang indah!) departemen audio di film animasi ini sangat layak untuk memenangkan sebuah penghargaan. ,senang;;;;
tapi detik ini akhirnya urusan kkn stuff dah beres (lom dinilai). topik ta juga kunjung bertemu. dapet project baru! kemarin juga sudah semoat nonton jumbo! film bagus! finally! yeah!,senang;;;;
heee dubber atta di jumbo film itu lil boy m adhiyat bagus bagus masih bertahan setelah pengabdi selesai,senang;;;;
film jumbo bagussss banget gilak keren bgt indo punya film animasi kaya gini,senang;;;;
jumbo film pertama yg bikin gue mau nnton berkali2 di bioskop,senang;;;;
sebagai orang yg pas anak anak mirip banget sama don di film jumbo gue bener bener nangis kejer dr awal sampe akhir nyata dan feeling-nya masih ngebekas bgt di otak gue smpe skrg anak kecil yg selalu lebih gendut dibanding temen temen seumurannya emang butuh jiwa survive,sedih;;;;
besok sekola jam segini belum bobo belum ngantuk abis nonton jumbo film nya aku rate 9 9/10,senang;;;;
first time aku rewatch film di bioskop nonton jumbo dua kali nnton dua kali nangis lebih kejer malah nngisnya ,sedih;;;;
gamau ntn jumbo iya terinfluence katanya2 gamau bangunin inner trauma dengan ntn film yg relate sm kehidupan (makanya aku suka ntn film fiksi) traumaku sudah ku buang jauh2 jng disuruh balik lagi ngusirnya susah ️,takut;;;;
meski begitu dari sisi animasi dengan sentuhan tangan-tangan orang indonesia asli jumbo 10/10 sih emang. makin optimis dunia animasi indonesia akan lebih maju dan bisa menantang dominasi film horor.,senang;;;;
jumbo film persekutuan dengan jin ,takut;;;;
jumbo tu film apaan sih ngentod soalnya tiktok aku isinya jumbo semua kantal.,marah;;;;
parah emng nih lagu film jumbo nyerang mental people parent less wkwkwkwk,marah;;;;
seneng banget... pas hari kamis kemarin aku ngajar siswaku yg homeschooling btw dia kelas 5 sd aku ngasih tau dia nonton tuh ke bioskop film jumbo yg lagi viral dan seru ajak temenmu juga terus dia cek tiket + trailernya katanya tertarik nonton,senang;;;;
mau buat trend pake soundtrack film jumbo yg rate itu as anak pertama perempuan ngetiknya pun nangis karena bener ga worth it. klo di rate sakitnya 1 milyar/10 ,sedih;;;;
kita semua lulusan film film nobita dan doraemon. cerita jumbo pasti bisa dinikmati anak anak meskipun mereka belum ngerti behind meaningnya,senang;;;;
tiada hari tanpa nangis bacain postingan #buzzergratisjumbo + shoutout di #boynextdoorinjakarta ,senang;;;;
awas aja sutradara jumbo ga bikin masterpiece kaya gini lagi! alias film mu bagus sekali allahu akbar!!!,marah;;;;
anw film jumbo bagus sangat menyentuh inner child ku yang ringkih ini ,sedih;;;;
baru kali ini nonton film (bukan acara nobar) tpi masuknya udah kek masuk venue konser alias rame bgt busett mana keliatan pada buru masuk studio kyak pada ga sabar mau nonton jumbo,senang;;;;
jelas pada mau ikut lah orang jumbo film bagus. coba diajak nonton video idul fitri yang gibran naik onta.,senang;;;;
kalo besok aku kena mental abis nonton jumbo itu 10% karena film jumbo 90% karena cuitan cuitan kak aya ttg atta,takut;;;;
nonton film jumbo jadi fokus bgt ke animasinya berasa animasi2 dari luar gitu. tp lucunya setting lokasi dll indonesia hehehe. apresiasi utk tim di jumbo ,senang;;;;
banyak bgt yang bisa dianalisis dari film jumbo (dibanding pg sama qodrat 2) dan ini salah satunya seru banget buat bahas tu film sambil ngopi cantik sore-sore sama pasangan/kawan,senang;;;;
gatau kenapa tapi ikut happy film jumbo ini antusias penontonnya tinggi bangett. apa yahh ga ekspek kalau film animasi indonesia bisa sebanyak ini penontonnya disaat biasanya penonton akan ngecap jelek dulu sebelum nonton. menunjukan kalau penonton kita semakin dewasa,senang;;;;
kemarin nonton ini sama ayangggg perasaan dibikin campur aduk bangeeett. sedihnya ada sampee nangis bombayy senengnya adaa komedinya pun dapet. worth it bgt film jumbo iniii relate jugaaak sama kehidupan semasa kecil duluuu,sedih;;;;
lucu bgt tl ku ada bonedo ada bangchan ada film jumbo ada politik2nya dikit aowkowkwowk,senang;;;;
di film jumbo sebuah canon event kalau orang tua don meninggal dan don ketemu sama arwah bocil cewek blasteran indo-jerman. kalau nggak dia gede nya bakal jadi orang yang egois narsistik dan manipulatif ,sedih;;;;
film jumbo menyentil kita utk menyadari hal-hal yg selama ini kita anggap sepele padahal punya makna yg penting. film jumbo juga mengusap punggung seraya membisikkan bahwa tidak apa jika hidup tak sempurna. terakhir film jumbo memeluk erat nan tulus jiwa kanak-kanak kita.,senang;;;;
dan gue gak nyesel sama sekali bahkan jumbo jdi salah satu film terbaik yg pernah gue tonton di bioskop. fck g1bran. fck the government. ayo seniman indonesia terus buat aku bangga jdi org indonesia️‍,senang;;;;
baru kali ini nonton film sampai dua kali di bioskop jumbo emang bestt,senang;;;;
everyone please watch jumbo film bagus banget banget banget not a big fan of animation karena kalau nntn film gampang bosen tapi jujurr ini bagus bgt beneran kelar film rasanya pgn lgsg standing applause,senang;;;;
salah satu yg bisa dipetik dr film jumbo adalah pohon besar itu memang tempatnya arwah ,takut;;;;
abis nonton film jumbo 9.2/10 + 1. animasinya yaallah 2. develop krakter juga ok bgt 3. sutradara brhasil ngasih bumbu lucu wkt film udh lmyan boring &amp; ktebak 4. sutradara jg brhasil bgt bkin scene scene ptg ke highlight 5. sutradara jg brhasil bkin prasaan pnonton cmpur aduk,senang;;;
hal pertama yg bikin nyes bagi q nonton film jumbo ketika kakak acil bilang cerita aja sama abang cerita aja semua nya abang pasti dengerin (dalam hatiku: kalau ada orang yg punya kakak begitu pasti beruntung),sedih;;;;
hbs nonton jumbo emng film animasi yg bnyak pesan dr alur ceritanya. selalu bersyukur ada temen ato sahabat yg selalu ngedukung dan jg keluarga point utama. tdk ekspec ak smpek nangis tertumben sekali #jumbo,sedih;;;;
ada film sebagus jumbo tp elu nontonnya sugar factory ada film sebagus jumbo tapi wapres elu demennya sama ai,marah;;;;
salut bgt sama semua animator indo yg bikin film jumbo semoga dgn suksesnya film ini bisa ngebuat animasi² keren lainnya bisa makin gede dan sukses just like pixar,senang;;;;
td beneran yg nonton penuh anak² dan ortunya it was pretty wholesome i guess. last time gw ntn film yg seatnya full dari atas smpe bawah pas film conjuring pertama which is v long time ago yg kedua kali pas tadi film jumbo.,senang;;;;
film jumbo keren bangetttt,senang;;;;
ini ost film jumbo diputar ama anak gw tiap hari aduh inget banget perasaan pas nonton karna gw posisinya ibu denger ini tuh kaya dipeluk hangat tapi nangis ,sedih;;;;
maaf tapi kurang suka film jumbo :(,sedih;;;;
terharu banget liat bapak2 atau ibu2 yg ngedampingin anak2 bareng geng an nya buat nnton jumbo. bioskop full sm dari segala usia. dari anak usia 3 tahunan sampe kakek - nenek. dan yg always penuh studio nya itu film jumbo. telat dikit beli tiket dpt kursi di bawah (kit leher),sedih;;;;
nonton badminton tapi prestasinya ya masih kadang baik kadang blangsak seringnya lg ambles tapi adanya film jumbo (selain jadi selingan) somehow bikin ada perasaan hangat dan semangat yg ngeyakinin buat selalu inget yg hepi2 walaupun lg pahit ,senang;;;;
masih inget banget betapa serunya era mencuri raden saleh... terus ini jumbo juga ga kalah seru... seneng dan bangga menjadi bagian dari 2 era rilisnya film lokal yang super menyenangkan...,senang;;;;
huhuhuh aku seneng bangett taesan x jumbo lucu banget taesan si buzzer jumbo aku cinta film jumbo aku juga cinta taesan :^),sedih;;;;
ini film jumbo sengaja nerangin layar pas bagian sedih biar ketahuan siapa aja yang nangis,sedih;;;;
kelar nonton film jumbo - soundtracknya asik - animasinya wah kacau sih keren - alurnya cerita agak membingungkan. hhmm... imho bangga sama karyanya ditengah film horor yang gimana-gimana.,senang;;;;
abis nonton jumbo terus beneran bagus beneran berharap semoga kedepannya ada lagi film animasi dari indo ,senang;;;;
hari ini resmi sudah menjadi #buzzerjumbo karena baru kesampaian nonton hari ini!!! baru awal film jumbo udah nangis.. tengah-tengah waktu pentas nangis.. ending juga nangis.. apa-apaan ini sepanjang film nangis mulu akunya.. aku... sangat terharu,sedih;;;;
aim high jumbo. senang sekali bahkan hanya membayangkan kalau film animasi terlaris di indonesia adalah film karya anak bangsa. even just the thought of that warms my heart so much. ,senang;;;;
nonton film jumbo rata² yg nangis anak bangkotan smua jir (gw termasuk),sedih;;;;
jumbo film nya bagus tapi gw kedinginan di bioskop ,senang;;;;
worth the wait. ini film dieksekusi bagus banget hampir semua sisi mulai dari karakter eskalasi cerita musik animasi sampe ke hal-hal kecil kayak detail rambut &amp; kulit even product placement yg ga maksa bikin gue kagum sama jumbo as a whole kids movie. berkaca2 dikit .,senang;;;
think its urgent. kalian boycot travel umroh dan haji. film jumbo gk motivasi anak anak di palestine. remember we are religion people. was romadhon think more wataawanu alal birri wattaqwa.,marah;;;;
jumbo ini film yg beneran wow bgt bjirr dr segi cerita musik animasi plot pokoknya mantep bgtt yg plng gila si animasinya. baru bbrp detik udah 'jir ini mah kualitasnya gak kaleng2 bagus bgt' langsung mikir ini rendernya brp lama yak spek laptopnya gmn yh,senang;;;;
gak sia-sia ku jadi buzzer gratis film jumbo awal-awal rilis bahkan dari pertengahan bulan lalu pas tayang duluan sebelum lebaran. semakin sukses terus!!! ,senang;;;;
tadi taesan mention film jumbo sedih bgt gue,sedih;;;;
kalian yang belum liat film jumbo keknya harus cepet liat deh. ini tuh film dewasa berkedok kartun. soalnya yg liat rata orang dewasa semua rate dr aku 1000/100 siii,senang;;;;
siapa ngide nama mc di jumbo nih jd don anjing mirip dontol beneran mana tukang boong suka ingkar janji fuucckkk film anak anak doang tp gw masih naik darah smp skrg,marah;;;;
film jumbo ngajarin buat bersyukur sama apa yang aku punya ,senang;;;;
jumbo sama komang emang layak sih. bener2 penyegar industri padahal gua cuma penonton tapi ikut seneng sama 2 film ini yg dapet recognition sebaik ini.,senang;;;;
nonton jumbo sama temen cowok pas ending film gue bingung sendiri liat dia sampe nangis sesegukan gara2 tu film wkwkwk helpp,sedih;;;;
jumbo dan komang (my top 2 film lebaran!) emang deserveeee bertemu penonton sebanyak-banyaknya.,senang;;;;
ada rasa hangat di dada waktu scene lagu ini. rasanya seperti dipeluk lagu ini dan kembali menjadi bocil bersyukur juga anakku bisa tumbuh dengan film dan lagu anak-anak seperti masa kecil ibunya. semoga sekali banget bisa lahir lebih banyak karya kids friendly semacam jumbo.,sedih;;;;
mau mengawali pagi dengan jadi buzzer jumbo tanpa dibayar. plisss ini film 10000/100. buruann nonton!! ,senang;;;;
jumbo bener-bener luu bagus banget njirr inimah film buat manusia yg lagi quarter life crisis,senang;;;;
film jumbo ini bener-bener akan jadi kenangan indah untuk siapapun yang nonton semuanya terekam dan tersimpan rapi di kepala scene-scene yang menghangatkan hati dan ost yang juga untaian liriknya indah banget ️,senang;;;;
gajelas gw tbtb demam tbtb sakit tenggorokan tbtb nangisin atta film jumbo,sedih;;;;
verdicts nonton jumbo tadi. filmnya secara cerita standar crita film kluarga ya dgn pesan moral yg bs jadi pelajaran buat anak . yang bagus banget itu animasinya sungguan kek pertama kali liat buatan indonesia yg sebagus ini animasinya!,senang;;;;
gak berani dah nonton jumbo itu film horor ya,takut;;;;
aaak lucuu bgtt idk why tapi beneran film jumbo ini angin segar dan hangat banget untuk anak anak indonesia,senang;;;;
sedih banget dah gue belom nonton film jumbo karna sibuk belajar utbk.. film jumbo tayangnya tolong diperpanjang sama buldep pls,sedih;;;;
setelah nonton jumbo aku sadar kalau anak kecil didalam tubuh bergejolak itu film bocil loh tapi koq bikin banjir air mata ,sedih;;;;
nonton jumbo hari ini satu bioskop full sampe kursi paling bawah jumbo. ikut seneng orang2 jd lebih menghargai dan turut andil untuk mensupport hasil karya film indonesia ,senang;;;;
minggu depan long weekend gw ada plan di ln minggu dpn nya lagi gw berharap jumbo masih ada dan mau nonton film jokan yang baru yeay~,senang;;;;
baru beres nonton #jumbo dan ya animasinya sebagus itu untuk film asli indonesia. keren.,senang;;;;
jumbo: satu-satunya film bioskop yang aku lihat 2 kali,senang;;;;
gelooooo jumbo saya salah 1 nya dari 3 2jt penonton hari ini walau pun ada beberapa plot hole.. tp untuk sekelas film animasi lokal ini goks sih..,senang;;;;
keren bgt film jumbo sepanjang nonton diajak merinding bener bener se wooh itu,senang;;;;
karena lagi rame film jumbo juga ostnya yang lagi berlalu lalang di linimasa sosial media jadi pingin ngomongin rasa pahit versiku,sedih;;;;
film jumbo sebagus itu anjir.. huhu gw nangisnya di rumah bukan di bioskop pls malu soalnya,sedih;;;;
dan film jumbo yg lagi ramai ini -yg kutonton di hari pertama itu- menjadikan lagu ini salah satu sound tracknya. salah satu alasan kuat kenapa aku begitu excited nonton film itu.,senang;;;;
adain lg film kyk jumbo ,senang;;;;
sumpah yaaaa film jumbo di bioskop full seat terus selama semingguuuu aku bangga sekaliii️️,senang;;;;
kadang hidup diumur 20an itu lucu temen aing nangis gegara dilamar pacarnya dan ada yang nangis gegara film jumbo (aing).,sedih;;;;
film visinema favorit + terbaik menurut ku yg udah pernah ku tonton 1. mencuri raden saleh 2. home sweet loan 3. jumbo 4. heartbreak motel 5. keluarga cemara 6. cahaya dari timur 7. nkcthi 8. 17 bom di jakarta 9. terlalu tampan,senang;;;;
selain film agak laen sekarang ada jumbo yg selalu ku pantau jumlah penontonnya gokil sih,senang;;;;
se excited itu nonton film-film lebaran tahun ini. seru parahhh next jumbo x ya,senang;;;;
film terbaik bulan april adalah jumbo. nonton pertama sama suami nonton kedua sama keponakan. pertama kali ponakanku nonton bioskop biar ada momen yg bakal di inget sampek dia gede. pertama nonton bioskop dan filmnya jumbo️,senang;;;;
just watched jumbo. sepanjang film cuma mikir ini gmn cara bikinnya frame by frame. merhatiin detail2 kecil kaya rambut gerak mulut movement jari dari tiap tangan. part paling pas flashback trs ada 2 framerate di 1 frame,senang;;;;
film jumbo diprotes krn cerita blablabla brouuuwww dulu film horror legenda suzanna lho beranak dalam kubur di tv ,marah;;;;
fomo film jumbo tp emg baguss 9/10,senang;;;;
kayaknya film jumbo ini saking bagusnya smp bikin yg ga bisa nonton jg sedih: (,sedih;;;;
jumbo bagus bgtttttttt!!! tadi pas nonton deket ak ada anak kecil dia hampir tepuk tangan terus sepanjang film... bangga banget sama jumbo ,senang;;;;
hari ini nonton jumbo lagi sebagai penonton. ikutan war tiket nonton barengan mertua ipar ipar dan keponakan. seneng banget bisa ada momen menikmati hasil akhir perjuangan sebagai penonton ngakak bareng sestudio nangis bareng di depan tengah dan belakang. gini ya rasanya ,senang;;;;
lucu bgt umiku bikin sw quotes tiktok dr film jumbo tp umi bnrn nyimak lho nonton jumbo lucu,senang;;;;
keren banget emang harus nonton sebagus itu makasih udah menciptakan film jumbo ️,senang;;;;
yg bilang ngantuk pas nnton jumbo tuh.. apa ga amazed ya sama visual art nya.. itu tuh bagus banget.. apalagi pas bagian ayah ibu don cerita di awal.. trus selama film aku bilang detailnya keren bgt anjay ,senang;;;;
udah seneng bgt hari ini bakal nonton film jumbo. ternyata ,senang;;;;
di film jumbo ada dua karakter yg gw suka si atta sama nurman ,senang;;;;
review film jumbo : 1. animasinya bagus 10/10 2. jalan ceritanya masih bisa ditingkatkan lagi 7 5/10 3. dubbing kurang intonasinya 5 5/10 (mungkin bisa ajak profesional dubber) overall : 8/10,senang;;;;
tapi dialognya tuh kureng bgttt. nahhh di jumbo ini tuh padet bgt gtu gaada kekosongan jadi berasa kayak beneran terjadi percakapannya. apresiasi sebesar besarnya buat film ini semoga semakin bertambah yaa film² animasi di indo yg bagus kayak gini,senang;;;;
film jumbo beneran deh worth to watch on the big screen. jd selagi masih tayang yg punya rejeki berupa uang dan waktu luang berangkaaaat ntn jumbo aku nonton 2 kali pertama ya first impression amazed sama animasinya bangga sama kreatornya. ke-2 ntn udah hafal lagunya!,senang;;;;
hari ini nonton film jumbo setelah beberapa kali baca review dan liat orang di medsos yg hype dgn film ini. awalnya datang dengan ekspektasi film populer biasa tapi pulang dengan membawa sejuta rasa,senang;;;;
film jumbo meaningfull bgtt anjayyy 9/10. karna w pernah merasakan jadi atta yang financial nyaa parah banget waktu ditinggal papa w. terus juga merasakan jadi don juga walaupun mama w masih masih ada tapi pernah ngerasain kehilangan papa w jugaaa,senang;;;;
film jumbo emang buagus bgt bagusny boleh di adu sm film coco,senang;;;;
belum bisa move on dri kerennya film jumbo emg bener kata org2 film ini ngasih makan energi ke anak kecil yg ada didiri kita ,senang;;;;
buibu yg anggap film jumbo tdk sesuai nilai akidah malu ga siiihhh si ryan nya pdhl se-religius itu lo. ga ada niat ngasi pengaruh buruk.,marah;;;;
pertama kalinya ga bisa kesel kalo ada anak kecil nangis pas nntn film di bioskop ya pas nntn jumbo ini mgkn mereka kaget atau apa kan gatau jg ya jadi ya udah aja,sedih;;;;
review jumbo: musik dan animasinya plot-storyline tbh gw gak terlalu menilai bagus (but it's unfair buat judging film anak dengan kacamata orang dewasa i guess). dialognya masih kayak film indonesia lain: kadang terasa unnatural tbh tapi mungkin bias gw aja,senang;;;;
sebagai manusia pemilih kalo nonton film indonesia di bioskop bangga udah jadi salah 1 penonton 3 dari 4 film ini. kurang jumbo aja,senang;;;;
jujur kalau udah masuk matkul sastra semacam bedah karya fiksi mau banget angkat film jumbo ini,senang;;;;
belum nonton jumbo tapi 3 film lainnya emang cakeppp banget,senang;;;;
bukannya cerita2 hidup yg ga perlu ditiru itu ga perlu naik ke layar lebar ya cukup di berita gosip aja. bioskop penuhin film kek jumbo ajaaaaaaa,senang;;;;
film jumbo emang sedih tp lebih sedih pas lihat orang-orang pada pake soundtrack itu di videonya ,sedih;;;;
gue sangat appreciate ke tim jumbo karena masukin soal consent di film ini. menurut gue ini penting banget buat awareness ke anak-anak buat ga sembarang menyentuh orang atau bisa nolak ketika ada orang yg mau nyentuh mereka ,senang;;;;
film lebaran tahun ini yang bagus versi gue jumbo &amp; qodrat 2. jumbo semua aspek bagus banget gatau deh pokonya lo harus tonton ! qodrat 2 scene-nya acha lagi solat taubat beuh keren mampus !,senang;;;
tau dari awal film jumbo ini mau dibuat giliran filmnya udah ada gabisa nonton sial!,marah;;;;
excited aku ke film jumbo terbayar dengan alurnya sama grafik di film nya jujur keren si,senang;;;;
yeayyy beruntung kemarin masukin soundtrack film jumbo yang ini sebagai nomor satu di list lagu baru bulan april radio ppi dunia. secinta itu. ,senang;;;;
jujur pengen nonton jumbo bareng ibu tapi nonton bioskop uda jadi hal mewah tersier : ) cuma bisa ikut seneng aja klo jumbo banyak diminati dan engga nyari film bajakan....,senang;;;;
jumbo film animasi yang memang lagi trending dimana-mana. nah mungkin beberapa orang pada ngira kalau itu adalah karya animasi indonesia pertama. padahal kita semua sadar memang sudah semaju itu cuman sayangnya sedikit yang mau mendukung karya anak bangsa ,senang;;;;
agak heran film jumbo diframing menyentuh batas aqidah sementara sutradaranya (dalam pandanganku) adalah orang yang kuat banget agamanya.,marah;;;;
nonton film jumbo. kalau inget-inget lagi kejadian kemarin bikin aku sedih banget ,sedih;;;;
idk abt film penari2 itu tp hawa2 antusiasme nonton jumbo tu berasa kayak jaman pas laskar pelangi lagi booming.,senang;;;;
pokoknya must watch banget buat yang belum nonton! ajak adek lo ponakan lo ortu lo semuanya! film kayak gini tuh yang perlu kita support habis-habisan biar industri animasi kita makin berkembang. dan buat tim jumbo please bikin film lagi gue udah nggak sabar mau nonton lagi,senang;;;;
gue pengen kasih standing applause buat semua tim di balik jumbo. ini film animasi yang bikin gue bangga jadi orang indonesia gak kalah dari produksi luar sumpah! gue berharap banget ini baru permulaan dan bakal ada lebih banyak karya sekeren ini dari industri animasi kita.,senang;;;;
so happy to see kualitas film indonesia lagi keren kerennga sampe rata ni semua nembus 1 juta dari mulai komang jumbo pabrik gula. which is rare terjadi biasanya cuman 1 film yang booming dan tembus jutaan penonton tapi sekarang banyakkk dan semuanya beda beda yang satu,senang;;;;
sumpah film jumbo bisa jd ladang penelitian tugas akhir potensi judulnya banyak bgt,senang;;;;
kocak aja yg bilang ini film merusak aqidah wkwk apakabar gw yg dlu suka nonton kartun tiap hari minggu.. anak2 jg kdng msh nonton kartun tp tetep emaknya meluruskan tp emang film jumbo ini keren bgt sih sekelas animasi indo yaa.. anak2 aja ketagihan mau nntn lg ,marah;;;;
menurut gue juga film jumbo kurang masuk buat anak umur 6 ke bawah tapi poin gue beda sama pendapat orang ini. alasannya lebih ke visual hantu jahat dan visual menyeramkan lainnya tuh cukup menakutkan buat bocil (based on pendapat temen gue jg yg ajak ponakannya yg msh toddler),marah;;;;
animasi jumbo kerennnn udah bagus mendekati upin ipin. cerita: sama seperti kebanyakan film indo ceritanya lemah euy lucu nggak nguras emosi nggak seru juga nggak.,senang;;;;
gila film se hamrless jumbo di serbu pakai agama.,marah;;;;
di sinilah lu berperan jadi orang tua ngejelasin karakter hantu di film jumbo gmn caranya agar2 anak2 nggk takut bahkn imajinasinya dibkn lbh kreatif kn bisa nggk semuanya harus dilarang untuk tahu kasian anak2 yang semangat pengen nonton karena temen-temennya pada nonton,senang;;;;
tapi film jumbo tuh emang bagus bgt it's more than animasi indo biasa ada hal di filmnya yg hanya bisa km temuin di indo kayak telor ceplok kasih kecap! such indonesian banget dan masih banyak lagi. lagunya karakter semuanya tuh indo banget lah pokoknya. wajib nonton.,senang;;;;
tiap dengerin selalu ada di nadimu - soundtrack film 'jumbo' pasti langsung nengok ke anak bayikuu yang masi piyikkk ini,senang;;;;
tadi nonton jumbo sampingku bapak-bapak bawa keluarga beserta anak-anaknya. sampe film kelar aku sama bapaknya malah yang nangis... dapat dipastikan cerita hidup kita berdua mungkin sama.... wkwkwk,sedih;;;;
syahdu bgt malem malem dengerin lagu sountrack film jumbo,senang;;;;
wahabi : film jumbo tolak karena menyimpang yg dongkol pasti syiah atau sufi. meanwhile wahabi : film bidaah (walid) dukung walaupun menyimpang itulah kelakuan syiah dan sufi apapun filmnya yang dikambinghitamkan syiah dan sufi ,marah;;;;
film animasi jumbo bagus bgt keren ‼️ byk pelajaran hidup yg bisa diambil trs lagunya ngena bgt yaampun️️,senang;;;;
akhirnya tadi aku nonton film jumbo seruuu banget. dan pastinya bikin nangis lagu selalu ada di nadimu versi bcl memang gak ada obat wkwkwk,sedih;;;;
akulah sih anak perempuan 20 an yang nonton jumbo sendirian di seat paling belakang dan udah berkaca-kaca dari intro film,sedih;;;;
jumbo film keren animasinya keren bgt tp fanart fanartnya juga gak kalah keren suka bgt ,senang;;;;
(3) sampai bbrp hari lalu aku liat kehebohan orang di apk sebelah yg ngangkat isu akidah dari film jumbo.. beberapa orang mempermasalahkan alur &amp; karakternya yg menurut mereka terlalu berat dan gak cocok untuk anak . aku ga ambil hati postingan kayak gini awalnya...,marah;;;
(2) jumbo effect masih berasa sampai saat ini.. excitednya harapannya bangganya.. aku rekomendasiin film ini ke keluarga.. pengen nntn lagi tapi dr h+3 malah sakit baru sehat lagi sekarang setiap hari aku cek sosmed jumbo ngikutin setiap perkembangannya..,senang;;;;
dari kemaren dapet film nangis mulu ya. when lives give you tangerines sama jumbo berarti di idup kita itu = jeruk bali. alias jeruk besar,sedih;;;;
nonton jumbo berasa ngeliat kisah diri sendiri ego ya sama walau ujung ujungnya nyesel tumbuh besar tanpa peran orng tua terutama ibu adohhhhh sedih btul film jumbo ni,sedih;;;;
oke beneran nangis abis ninton film jumbo‍️,sedih;;;;
aku jg kemaren nonton jumbo sendirian terus pas awal awal itu ak dah nangis wkwkwkwk di ending film ak nangis makin kejer karna radionya don... andai aja bisa pinjem mau jg komunikasi sama ayah mamah tp kan gamungkin ak berasa dipukpuk gitu lewat film ini huhu ️,sedih;;;;
salah satu scene di film jumbo yang sangat ngena di saya ialah saat don mencoba menyalakan kembali radio. terlebih saat kata pamit terucap scene tsb sangat apik menggambarkan bagaimana orang yg tiada berada di sisi kita (yg ditinggalkan) sesungguhnya sangat dekat ,sedih;;;;
lagi di bali terus mau nonton jumbo di jam 9 malem niat hati kirain sepi ternyata penuh banget padahal bukan weekend! lucunya tadi ga sempat check2 aplikasi dulu jadi cancel deh karena ga dapet seat tapi disisi lain bangga banget segitu antusiasnya orang2 kita sama film animasi,senang;;;;
tlol amayy yg blg filem jumbo musyrik gara2 ttg hanthu eh gw masi kecil nntn nya aerterjun pengantin padahal wkwkwk plis lah.. yg di edu tuh anaknya kalo nanya2 ini itu bukan film na musriq,marah;;;;
melihat fuss yang mengelilingi film jumbo gue jadi semakin paham bahwa beberapa pasangan suami istri memang belum siap untuk mendidik anak sedangkan mereka yang belum mempunyai momongan lebih siap untuk mendidik anak.,sedih;;;;
satu lagi yang paling berkesan dari film jumbo. dijelasin kalo misalnya tuhan ngambil orang tua kita percayalah tuhan juga akan nitipin orang - orang baik yang akan nemenin dan jaga kita. sebagai yang abis ditinggal ibu ini ngena banget di hati ,sedih;;;;
bahkan dr tahun kmrn udh denger kalimat nanti nonton jumbo di bbrp circle teman. krn gk bgtu suka nonton gue kira jumbo film disney krn konteksnya sm2 kartun. pas kmrn br sadar oh ini yg diomongin org2 make sense sih rame wong blm 2025 udh bnyk yg enthusiast,senang;;;;
film jumbo mengajarkan ambisius itu ga selamanya baik. kadang kita maunya didengerin tapi lupa mendengarkan orang lain. kadang kita ngerasa lebih hebat tapi melupakan peran orang2 di sekitar kita. hal yang ga kalah penting hargailah pertemanan dibanding ego.,senang;;;;
guys pengen ngoceh dikit. film jumbo..bagus banget..aku kira awalnya bakal agak flat karna udah tau sekilas gambarannya film nya tentang apa. tapi begitu ditonton masih nangis nangis bgt. yg dari hati pasti akan sampai ke hati :) salut bgt apalagi ini film lokal ,senang;;;;
gue harap ke depannya bakal banyak film animasi di indonesia.. oh ya semoga sponsor2 lain bisa ikutan masuk untuk support ya karena sangat disayangkan brand yg tampil di jumbo tuh dari brand boycott,sedih;;;;
dari awal film jumbo gue nangis krn gue dr kecil sm nenek gue terus gongnya lagi gue jg sering di dongengin sm ayah ibu sampe lupa ultah ke berapa gue dan kaka masing2 dibikinin buku cerita dengan tokoh utamanya gue. dan skrg kondisi bokap gue gaada bikin film ini makin sedih,sedih;;;;
gw heran deh sama orang yang kritis sama jumbo tapi gak kritis sama film dewasa yang ditonton anak-anak dan orang tua yang biarin anaknya nonton film tersebut.,marah;;;;
damn this what parents need to do. religion teach everything you just have to stick to it and apply it. prouddd️ jumbo mungkin ga sempurna tpi masih ada pelajaran yg bisa diambil dari film ini. lets keep supporting animasi indonesia.,senang;;;;
bener2 film jumbo makin dikenal makin ada aja alesan dr pihak luar e,marah;;;;
timing perilisan itu juga ngaruh banget sih. lebaran tahun ini lumayan panjang hari liburnya trus bulan april setelah lebaran jg ada beberapa tanggal merah jejer sama weekend. sampe bulan depan. dan jumbo ga ada saingan film luar yg segmennya buat anak² &amp; remaja. smooooth!,senang;;;
film jumbo ni bikin nangis bgt....baru mulai filmnya udh dibikin nangis anjir,sedih;;;;
terimakasih jumbo yang lagi booming pasca lebaran 2025. film ini menyapa kembali anak-anak dalam diri saya,senang;;;;
aku gatau jelasin secara teoritikalnya gimana tapi kita semua jd seperti punya 'attachment' tersendiri dg film jumbo rasanya kesuksesan film ini memang diharapkan banyak orang mungkin banyak yg bisa bikin film bagus tapi bangun hubungan yg sampe hati kaya gini ga semua bisa,senang;;;;
sempet under estimate sama jumbo karena semua orang pada bilang bagus curiga cuman hype belaka doang. ternyata beneran bagus banget bangsatt fakk film animasi lokal yang bener bener bisa bikin emosional banget ,senang;;;;
life after nonton film jumbo : bengong dikit kala nanti badai kan datang ,sedih;;;;
gabisa tidur karena otak masih memutar film jumbo ,sedih;;;;
film jumbo banyak plot twist nya tapi yang terakhir ga ketebak buset,senang;;;;
hati hati dengan film #jumbo bukan film anak anak tp buat orang dewasa terharu kan ,sedih;;;;
mnrt gw film jumbo deserve di tonton semua org anjir se bagus itu se warm itu cerdas bgttt tim produksinya so proud,senang;;;;
dapat memahami serta relate dengan tiap karakter di film jumbo. geng jumbo ‼️ melihatnya saja membuat ingin kembali ke masa kecil (baru juga 21 tahun ). don nurman mae meri atta anak baik (juga mbek mbeek dan mbeeek) (5/6),senang;;;;
baru di awal saja rasanya sudah mau menangis huhu i just lost my dad a month ago juga tidak begitu dekat dengan mama. saat menonton film jumbo rasanya seperti menenangkan pikiran dan jiwa yang sedang kacau inii jadi punya alasan lagi untuk lebih kuat (2/6),sedih;;;;
apa ponakan gue emosinya demen film apa gmana d bawa nonton jumbo 2x seneng seneng aja masi umur 4&amp;6 lagi ,senang;;;
(review jumbo) sbnrnya ak ga jago review sih cmn overall bagusss bgtbgtbgt aku sukakkkk!!!!! gatau dah dr awal mulai jg aku udah berkaca2 cirambay kek terharu ajaaa film animasi indo yg bnrbnr dibuat sm kreator2 indo woahhh super bangga,senang;;;;
e-wom atau electronic word of mouth dengan adanya fenomena #buzzerjumbo sebagai salah satu bentuk e-wom menjadi alasan jumbo mencapai angka segitu hingga saat ini dan tentunya fenomena buzzer jumbo juga karena diawali sebuah testimoni positif atas film itu sendiri cmiiw,senang;;;;
jujur mnurut gue jumbo ini slh satu film yg keren si wlaupun ceritanya kl dipikir sedih bgt dan kasian cm dia bisa ngemas dgn visual dan warna warni yg oke buat diliat jos lah 9/10,senang;;;;
film jumbo bagus banget,senang;;;;
jumbo ni film apaansih (dengan nada menangis tersedu sedu),sedih;;;;
alasan ku nonton jumbo adalah aku pengen punya tempat buat nangis aja selain aku emang pengen tau pesan dari film nya,sedih;;;;
orang orang kek pada nangis gua doang kagak njing... gua nonton jumbo malah kek yaudah menikmati aja tapi gak sedih.. mungkin karena gua lagi stress skripsi. jadi sedih nya jumbo tidak sampe ke gua karena skripsi gua lebih menyedihkan daripada film jumbo,sedih;;;;
setelah nonton jumbo.. filmnya bagus dan seru sih.. dan bisa melihat perkembangan animasi anak karya indonesia yang sudah membaik.. dan gua sangat merekomendasikan untuk menonton film ini tapi...,senang;;;;
jumbo tuh film yg makin dipikirin makin bikin ngerasa ini film bagusss bangetttt,senang;;;;
arghh seharusnya film jumbo bisa sedih klo dri awal ga bilang jumbo mirip dafio,sedih;;;;
wlopun banyak bingungnya pas nonton gue bangga bgt indonesia bisa punya film animasi sekeren dan sekompleks jumbo. semoga akan ada film animasi lain yg lebih keren ga cuma visualisasinya tp ceritanya juga. maju trus yh industri animasi indonesia! ️,senang;;;;
jumbo jadi film yang dengan bangga aku tonton untuk pengalaman menonton pertama di bioskop secara langsung seumur hidupku ini seterusnya semoga akan ada waktu untuk meneruskan keseruan mendukung film karya indonesia bersama teman pasangan maupun diri sendiri nantinya!,senang;;;;
film jumbo nih aslinya genre horror tapi kesannya kagak serem karna ️animasiii️,takut;;;;
barusan nonton jumbo sama icen. terakhir kali menangis nonton film animasi itu pas nonton film coco dan sekarang jumbo mengulang itu kembali.,sedih;;;;
oke skrg yg kurang2nya. menurut gue walaupun gue bisa nangis dan ketawa scr keseluruhan emosi yg disampein dalam cerita film jumbo tuh kaya nanggung bgt gt jd agak bingung sampe ending sbg penonton harus ngerasain emosi apa lg.,sedih;;;;
best decision nonton jumbo di baris a dan pojok kiri sm ghina jason karena kita sepanjang film bacot dan ngikik ,senang;;;;
soundtrack film jumbo ngena banget dihati sehari ini udah lebih dari 20x muter lagunya buat nemenin nugas ,senang;;;;
sebenernya di sepanjang film jumbo ini aku kurang menghayati sama ceritanya karena bener bener fokus sama graphicnya yang keren bgtt. aku liatin detail satu satu sambil terpukau kek sambil batin 'indonesia bisa bikin animasi sekeren ini' tapi di akhir aku nangis pecah,sedih;;;;
first time nonton film yg ditonton jumbo. gimana ga mewek tiap potongan scene yg lewat di fyp aku nangisss,sedih;;;;
dialognya mantep bgt jir gemess pdhl gw udah expect bakal cringe spt biasa yg bikin gw ga betah nonton film indo. tp ini flawless bgt anjay bingung ga ada minesnya. jumbo bikin aku cinta indonesia emang cuma perlu ngerudal wowo wiwi aja ini then we ll be alright,senang;;;;
percaya kalau sudah ditulis oleh-nya sebagai rezekimu maka dari turunnya gaji sampai kamu duduk di bioskop nonton #filmjumbo sama mamah itu semua pasti terjadi; karena sudah tertulis. begitu pula yang masih uts utbk semangat ya! semoga nonton jumbo adalah rejekimu.,senang;;;
kesuksesan jumbo tak lepas dari kekuatan tema yang universal naskah yang solid serta jajaran pengisi suara terkenal seperti angga yunanda bcl chicco jerikho dan ariel noah yang menghidupkan karakter dengan kuat. film ini membawa pesan tentang cinta keberanian dan harapan,senang;;;;
film animasi jumbo produksi visinema studios resmi mencetak sejarah sebagai film animasi indonesia terlaris sepanjang masa dengan raihan lebih dari 3 juta penonton. prestasi ini dikonfirmasi produser anggia kharisma yang menyampaikan rasa terima kasih kepada penonton atas,senang;;;;
film jumbo seruuww,senang;;;;
lagu soundtracknya film jumbo sedihhh bgttt jingg kaya relate bgtt wlpn ini lagu friendly kids sihh tp riliknya arhhhhhshshsh,sedih;;;;
bagus banget film jumbo top buat kreator2 lokal,senang;;;;
inget bgt pas nonton mencuri raden saleh iklan jumbo udh muncul trus aku bertanya2 kpn yaa itu film rilis kok ya lama bgt(3thn coyy) ternyata worth it bgt buat ditungguuu️️ congrats buat tim jumbo lets go be higherr️ yg blm nonton cuss nonton gk bakal nyesel dah,senang;;;;
aku sesuka itu sama ost film jumbo ,senang;;;;
capek banget hari ini kerjaan seabrek sampe mau nangis. kepala penuh sama kerjaan dan keputusan buat nonton film jumbo hari ini tepat banget. capek ilang kepala jadi enteng. happy!,sedih;;;;
suka bgt sm ost film jumbo,senang;;;;
sial scoring film jumbo bagus banget,senang;;;;
nonton film jumbo ekspektasi: asyikkk nonton film yang ringan biar gk makin stress ‍️ realita: ,senang;;;;
my hot takes from film jumbo. despite being a bully atta berani nurunin egonya dan minta maaf duluan ke don krn sadar: dia sendirian. dia ga kenal siapapun yg bisa nolongin abangnya dia ga pernah punya kuasa dan ruang atas apa2 yg dia inginkan selain keberadaan abangnya,senang;;;;
film jumbo emang cocok untuk balita umur 288 bulan 9 hari apalagi udah 10x nonton wkwkwk,senang;;;;
ternyata film jumbo sangat relate dengan kehidupan anak kecil umur 20+ iniii,senang;;;;
jumbo tuh film hantu tp versi anak kecil️,takut;;;;
setelah nonton langsung film jumbo di bioskop akhirnya aku paham kenapa ada beberapa yg bilang film ini gak realistis: yaiyalah. yakali bocah yg awalnya suara fales ga nyampe seminggu udah bisa perfect pitch bahkan muluss pakai teknik head voice nya. itu latihannya pegimanaaa,marah;;;;
pokoknya makasih banyak buat yg ciptain lagu selalu ada di nadimu dari film jumbo aku yang nangis mulu tiap denger dan gk sanggup liatin mv nya makin kejer ,sedih;;;;
